{
    "rmse": 0.24116815362923053,
    "mae": 0.05816207832493214,
    "r2": 0.5444569561281491,
    "acc": 0.9418379216750679
}